[
    {
        "mname":"Jone Peter",
        "subject":"English",
        "Time":"25 hr",
        "Price":"20 $",
        "imgs":"./english.PNG",
        "id":0

    },
    {
        "mname":"David Mark",
        "subject":"Programming",
        "Time":"75 hr",
        "Price":"50 $",
        "imgs":"./programming.PNG",
        "id":1
        
        

        
    },
    {
        "mname":"Martina Wadea",
        "subject":"Math",
        "Time":"15 hr",
        "Price":"20 $",
        "imgs":"./math.PNG",
        "id":2

        
    },
    {
        "mname":"Ghada Fahkry",
        "subject":"Science",
        "Time":"25 hr",
        "Price":"90 $",
        "imgs":"./science.PNG",
        "id":3
        
    }
    
    
]